0x0709b103d46d71458a71e5d81230dd688809a53d,941928256306
0xb4522eb2ca49963de9c3dc69023cbe6d53489c98,6101943569797370
0x2f691f9192bc8b51bd24723de72b283500f2f3a5,4912446416621
0xa9b88d39575ffcf1bbf14aea23c7810b8f502e08,20776032118747
0x0716266cc5d3c443e30b0c4e9c72afa33778e1de,2726593838726
0xf696350f37cb8a1cc9c56ec5c8cff00a5e01fd40,137843957102058
0x00c67d9d6d3d13b42a87424e145826c467cccd84,2366694514172220
0xe05381b8177fc0cb778dae997f2ae3f808ffe56a,241958528871749
0x5278223b78ce6a50cd0e5e237104c4ef65760f65,1
0x77fb1b20093d73639a38ddc8b13be0819302d760,26526367106662351
0x1096cb8f6e17db5a072fa5b19dc4b8f212cb36e3,6666450631641046
0x4757b9dfc3b8b685dd227b0b4104b1ca762f18b0,155904324662735
0x6fd67a58e636b1132ed1eb623234e0fc96eb8f21,32395982251442
0xacfe4511ce883c14c4ea40563f176c3c09b4c47c,5875468934687
0x1501943d0223db29690323b99a86a6e3cefa1abc,3301308822126
0x1851f57461c0b28f0dc13abbda6f942a4781235b,20592013592
0xaaa3f05f25eed87ee3a268f4582ec914e6245577,1001927722423809
0xaed0577301dfb0df8dad5ebb65c3895d59708c3f,58896183932
0x36e992c989b242a098c02735e66170ea19447861,222356180104561
0x6f6e16b3455d0e339cb2def9f65a05d480390b7b,82751868312
0x1438840f62b3c357465a12a6f30198e32fd02d78,1225935189203
0xc473ba62b7add76aaa53baa0e08d755614c3096d,851782878720060
0xed56bc4d7dfc7e0cc3f5f3314141a054cb457192,51359374801083065
0x09b3ed5392df96c5691a5c3e793acb4dc47d089e,1
0xe7ca3ff841ee183e69a38671927290a34de49567,1674136026809930
0x881e1fb021469ac31a00d393bab2e7b7c0e99cac,51769363235686403
0xcd0e675a32ebce86c78d1fe9b1e406899ca7f8fd,28373141894476
0x8c7f7dd735850a9d75d7a3f69b8f644e3bb5b48d,200369212496774
0xfdf796e135a942e1a4cf7b8c256599a234bd39c1,1924687353054956
0x2c4287b79b15ae63fbaacd85a0302f6f172182fa,4824048434337295
0x99655ca16c742b46a4a05afaf0f7798c336fd279,51120729696486768
0x1d90fc8612389b2eada739bbba12865b18516227,561072803773
0x758fa6e2c0a21be47953a9bc0538ee157a6669bc,13484884319905657
0x8cf7071f9418662b4a3a3396d2f08bec7c563e79,3077267472916865
0xb05a74fad5146d809b37484df0013204289aea5f,93261252546613
0x9814c2c721244af99dbcc314bd9f53ce4dd905fe,1301125888821
0xfc93c3010ea5668c1b6900a9fe87168b63dec145,11919634682206401
0xbf970127652bc887baa8837f84f0d1ca50a706da,48347519895229
0x1b133343e87c59b9433c728528a415ec4fd249df,5390184663544232
0x58c0ae2ca26003f052fdb44cf057a7613172981e,141412500000000
0xcc98cfdc5f5480d8dd0a0d0a7f80506eb30d5159,457171413592102
0xba9d7bdc69d77b15427346d30796e0353fa245dc,7994709298868
0x1a69208eb1cf5576807e373fc01594cbcc3d022f,22608771000000000
0xd72cf23146ec9a9ef1a9db0dbb21f30ef7a76615,88148622832165
0x4c60651f30db21af8fd3c6a4c6033c6813c61501,86800107522887
0x6b0031966235921f4ac315ba27768929aa39a1a2,2401974824876965
0xf2da8b05f3a9d20e3331326ee48d19a21842dfeb,136280323627
0x8d44018c662b6483854ac0f2ec1602ff491bd1fb,2723289918808
0x141ebacaae339e3bd9ab3db6fc093603a8b3674f,9510316533846873
0x3c7904abdfd5974397b6f818e95e50370fc5ac81,14235281496466487
0xd56ee5ba5a52e15f309108bdd6247c69b4f624c2,19036801277550169
0xfc5737a0fe325d6b2e0c9dc2ac1d81f549fd662c,47622484073572419
0x08e0b8bb1abf0b69339b9af086f494e6f519a5cc,473313570238
0x00f731bcd3a8d541a040a7586ff3d03dea48e31f,723460861394682
0xb9581d8311cc3b9e677af6b0c55f1b93b69ad6f6,816432466721
0xa1586347c540c1b5cd83113872eeb7815a57dfe6,2736746460146876
0x424c6788f8cae36bb2f67e18f35419cadc1e0288,119862106485846
0x92d9737762ab639eeaa05052b7fa1dbab9e2074e,475038751679580342
0xb7d49adb031d6dbdf3e8e28f21c6dd3b6f231cd5,8770860761828874
0xbb6b624b4e5b2d06dc808cdd623c83d3c0dc0d3a,477886079909799
0x1e18b8b6f27568023e0b577cbee1889391b2f444,2886410747982453
0x37b01e0e523a0a1c9f55467a5e0d83a7b4f08ea1,263968411260
0x835f394f3d770b6ff818303f045e39f541b3d781,47769662099929
0xd1c3acbf63d85989e5b3e393440d6bad641a9785,46956907425656
0x00a67dc242df79dd7f6145ce38840581ae90c110,270817582065112
0xbe857415330b15070337073692358f72fafd087b,951247334733945
0x05efc12df01a04a1e92d817d4bf5447178cb5f2f,24155660647201
0x9fa10388d2bb8b7d8a2c8586772876d6302d4cb3,97099933905409
0x5378e749d3c7f7507bb6cd40d4b4a4e806e5af35,476815664588
0x0091c05a50ef584f09c5c8b813a207198643788a,2903589015086567
0x85b6ac2dd05dff3767e78900ab5db55c12da1b8b,957229035257247
0x6498f6cc59f64d01b841b2619f7692cfcdfdaa81,48347425921693
0x53d338f84a1aeb8a9ca997bb8083cb9cd8fb3ca1,6925601594040
0xf84c7b497e6f4f8beba75c776d6c1fde7f431bef,2279763118741
0x8d4f08b86172742f34e438cbb7ee6d572408d861,2407663138730
0xea96eddf997b45e22dd7cdb0ee45744f53e33693,144759087494245
0x9fa2d67a39a48988fb36695cf68f1ebbed85d8f6,13496977297032339
0x267703a855fc3b4e181f6623d8cb6fae2abe9abf,151735038281148
0x79b65a7e7322bae0fd9d1c5b8384cdfd49223c05,2105125143542004
0xa426b2e6987feb52e1678e1f784f7580567d30de,23849464265299824
0x15db2b5729df80e1f21f264c004cf32881c79ac0,143285265775213934
0x4739add580fc54c5bf1c1c197e28793f05fb6e63,4186872569456
0xdb2b9d473014d8c6a5e55da92205199457ba6624,2720048955834627
0xc0eb757415ca14b43b47cbb0b7475306a5188684,248307454461265
0x4e3f244e35ffd89c9d74bbb7fe83a6ddb4654694,2404938929275013
0x41c3687f22c4f8227a9f42906909d77b0b43ff6a,55818981926
0x5e53ce97fcd3abe46f1ab45abb3e9a9c5e19f193,40368239330018
0xcfae084c26582c38c2e9bfb92da7d54f842a7a5f,13374318692963545
0x3a71a75e89010ed934b928618d314b721f9d247e,472926735856852
0xf1a48cca5fa9f4f090f3e3d007d24223bbb834eb,14500000000000000
0x80b645fb98cc3037816305a07bab870e58091e74,459707485204
0xbdbc391be04afed6597681c0dd95d1a5e1c5fd22,868009094944067
0xc887fadc6baaa8cd234d9104a65b37265522b024,47399015450607530
0x7e30c4cffdbe6df08cd258ee723d1fcd8d234b4f,506626677368679
0x12a191121e4303bad854cc2e8bb71511871a4f17,413157886556
0xa5a90914c28faf2cb1c0481b1d601bdfae005421,455562374263
0x604115c5e484fd8adfd79123817e48257c96a925,406253357075713
0xe919047aa85e80cc19e619a081dc4dd5620803af,58147755964537
0x5f73a24771940b8c80b3570694072f606df913cc,9462688857
0x1c08b11009ff9cff1de422de4627884c9baf2605,1
0x2b19fde5d7377b48be50a5d0a78398a496e8b15c,76990096400628
0xd120ad5c9113103b5ad32cd27515966aff5b49ff,1436877211235310
0xb8acd3a41360cf07621ff64cf3cd0dad9a1f0085,10000000000000
0x0351b0b81fdd1db5dad0617d97c598cd3c37baaf,17239786599
0x61079f1ad7fc0cdef08fb362223629dae7829e9e,46672950344732
0xd22f4c8e05339dfcfd927bd688ed9ebac84484d7,2391176972926811
0xea246f820fa624b0658a2010631f7b27653c50e4,9470934695558506
0x97eda3c9f1e4c7ef743b552ab687aa49fca804c0,336072214145055
0x99ed04c212dd3929e9063bd78b26ef41858cb62c,9483526541748955
0xa542ce76635286a470947c11b3619121764ae5c7,2826446675308708
0xdf0e646edd8d5cd4c5c85edcc775d2fa1858bb70,9570964946654283
0x637fceaf3e5289d2b396b831335e7d8a180c5656,19217570898383284
0x192244977c9105707e6dd057315041ee0c8edb53,4964547388751840
0x8676f92151771425c5a506a60105ee1a8e877456,954331445606095
0x912f6071c371c4571282081a2e55cbb0cb6d0fff,4778519346356077
0xa61301a5199671ab6c5d2e21c718fddbdab778e3,104633351349233
0x0c2e0793af8926359994326016be184515c465f4,9478935026582425
0x6c615c4ecfea0aff9e87746723eaa35495fd52f5,3060921790855573
0x69b9ca504e7f0ff513b92a6684c176577abc1268,381637485201271
0xf9c840804d361d8fbe9968c14da1e6433fc27139,3828933644322013
0xf81813203d6001b7c509f596f46e483b6892a2cd,3337935407326094
0x90f15e09b8fb5bc080b968170c638920db3a3446,2487229038194
0x95383d2beff0df0a6dc2c8957f0066ad8172be53,19112654264552636
0x430e225f43549f9ad06e5e68137bec8bb4071f97,95677473123169
0xb1d2a2ba17dab37932a7cacdd85d4a8421b201da,283312434689361
0xe41d8f5816e51c5465328bd41077bb898b68058c,95514852336773
0x69229de14c96c7df817a6971562145cc710d2784,659788191741003
0xc38899d01dc59a92e38cbe5feec9fadd0eb063b9,951528126528592
0x7246a274656e797fab4b02eb1e0581d46f0358e2,2586730571657567
0x134b28a347a744584e39035f0e8778c3991a2b56,65630324970
0xe790e84efe105a610ec61d9d31edc07c2569f529,1711217892063
0x2da47d480a06eb14668e2cf4fb668e2963e8ce9f,2379264069620908
0x118fd113a7c081f43351d6fb9a9410af9e0cb4b3,235043064433
0x281975bf5d79c1e26b431a28d2059a1e750393c9,5736824983463881
0xe9fb16f5c6cc4a40bb9fc2f8c79215f979830edd,175147655493
0xfdd6af85172a18a02651e63929ff2f46e4714156,71045827691225
0xa96cbc4c3651b25aebf9ec28d478781bc366bac7,4225210079914
0xec0d280929ed4a08f367cad07bc5a3bb4bb07687,3100203405331
0xc8484d4a6baaaa7c31f411b1362145da109f9b50,11453511608408101
0x9d3a22a71c2bddfef006f1c207c06b0a5f42f95f,71830277322685165
0xb837efe33ad60b2c720a79b36ad81f9e3ad4682e,38131265227871
0x156a4c4e0fa4f08ad0cc1a2063c67690a3ce24b3,7627464500490947
0xd7ef4213ac470d243a61aacac2c1de08dd4c9903,268789979963
0xc3d6cfb63fd93a4ea277eb66922d12e8ee7cedc6,13133176083880
0x4f5ef03e870332a1b42453bbf57b8a041e89efe8,1137593882309204
0xf1fb5dea21337feb46963c29d04a95f6ca8b71e6,3139727378645893435
0x8189ca95335af50a0c9490547186008a6d7747da,481959297488644
0x93b6f2f5ac91596efec805accae0c04c00fe8882,96874530251235
0x5f5130215a9be6b34a986fab0679a61dbba1bddc,3413787981520426
0xc1919db0c4d778693188c986462d351b2693aa9a,9526313598933010
0x59514b7be638b98d2a2eaf2c567367ee5022bd5f,143944283159605
0xd18ab79eeab0e371f90b7635281348e687ab7dc4,184219046892
0x93006f9dc69be8b9f1feaab318f3b4bb3d32f2e8,33362493334979576
0xc80aa78dc2ad53a0db4653de027d15e5e3ea646a,22684774923287491
0xa9dd2de7316078d34541c1ee91c49f06d9343fc7,47906654960131
0x5edd13f078985628562aed6794fb4039a1cfef5e,977668013430757
0x5e03abc56a207c0894c7e79f4195f0695dea32df,3388627530844258
0x1853dc4fbfe3b29012ac6df6ca44b4fca0aa1959,95497635380601
0x52997d5abc01e9bfdd29cccb183ffc60f6d6bf8c,582869255099654
0xe8e61c8283d5ec254e02fa49e59760bef7d6fb83,3785848262284
0xbea1d1bb1fab5881dfce65f948b80a6655cdc7e8,586912569320746
0x3285bf2a8c9248a135e9d13d8ddbc7679aac0aa1,457656283888
0x8469ad2b0af50efef4a70d164bdaf4f399fdb20d,9570565887040499
0xc7777c1a0cf7e22c51b44f7ced65cf2a6b06dc5c,1445645464873670
0x7fa5acdef6fccbdf3464a09d9448e990fa394cbe,4779126213170971
0x5a0e685672040e15283db71c90a7233336285e25,47669746508003
0x2bea86ba4b51f3148b5bde9627c353ce93333c73,9196159182767513
0x959d7987d9d03583e801905a95624084a7f16645,63743700972249766
0xc6c827d294a8102c2fee976d340bd454758073c4,245189642371869
0x114e562c33e9ec7a5c2cd9289ea37e476d38e70d,12471029854795876
0x106e5f12bdc985829598f48cf26cb315bbf355e6,71769446460439
0xa8e01b91b831276f2bc2a81bcf34cd4ed5392773,318373934441248
0x455c61fcb7be747b1fc8e71a9790d4dc1de29ddc,9589719501826509
0x87ef8a1863bcc50bcba446c3ba22b729b03be75b,23775165167409
0x359a1dde9ff0e27dbd0fabb7dc34f076e257a0ee,1447860277463200
0x0a9ea1adeed852cc2dc59038503878f5b13ec0f4,322973345648067
0x7da08fba7a69c67c0d06fd433af0c53f9c75cee8,364337745964488
0x075d5056db05142b1c73d736d14d558455ce8b1e,22924948563980
0xcd081fe01bb797c2afdb01b0e3a62ed3fb8900d6,1288751670455410
0x3e6a31833ca413c3920293dcbb1770d1dd3433e5,1900827915307109
0x3c273c90214beb09fef9767b00c66f8dca2d4b90,2378691664412256
0xa5cf4f0c008b6e2702151004f7da748b627d9351,287720699186207
0x2938452302cc9bec8f77c835de4a5383f19fb745,9754624678150130
0x392ae4da1bc30c0a7e7243a39a78d7eb81302c54,47744989255451
0xea04965fc2ca0f62e4ca2446afb0c25ccc9335c4,9045971819113417
0x1ff4a6aaeef872eb931fccb3cb7b7cd0a1c3c116,703398797783654
0xb9050dd2286e1eb806921ffbf162231d5ae97d64,958065883098113
0x3185fad637cf50bae9ad59329abe9060ce2776e5,69603661869156
0xacccdd40000b95631de33489fb5e78554e4d70a9,1
0x769162779191b0a513d0d08db6135a144906c39e,143889529368823
0x942e4c0078364a53eb7d1e6c599b3adfa1069f19,94216546906967
0xa54a24f7aa6538ec46c8cc5ee9aed158c0624ec1,5272099630623
0xa2ac9f3633fe0efa3c67facf60b272b4312544a5,395343811480648
0x9e3defa9d025e8322f06cf827ec699898b097641,166363378641874
0x6b777e7f18d2a55db5fbfb13009d36b3a7ea04b3,1723789620773055
0x4ea6415289cf688f8a19381e1a9af213d2510454,90527203553257
0xc1b172595ddc335a9dd80b50117e457ce124bc36,4781643151892940